-- 本脚本用与数据库测试数据的插入
-- USER
INSERT INTO `SUPERMARKETDB`.`USER` (`USER_ID`, `USER_NAME`, `USER_PASSWD`, `USER_TYPE`) VALUES ('0001', '张三', '827ccb0eea8a706c4c34a16891f84e7b', '员工');
INSERT INTO `SUPERMARKETDB`.`USER` (`USER_ID`, `USER_NAME`, `USER_PASSWD`, `USER_TYPE`) VALUES ('0002', '李四', '827ccb0eea8a706c4c34a16891f84e7b', '员工');
INSERT INTO `SUPERMARKETDB`.`USER` (`USER_ID`, `USER_NAME`, `USER_PASSWD`, `USER_TYPE`) VALUES ('0003', '王二', '827ccb0eea8a706c4c34a16891f84e7b', '主管');

-- WAREHOUSE
INSERT INTO `SUPERMARKETDB`.`WAREHOUSE` (`WAREHOUSE_ID`, `WAREHOUSE_SIZE`, `WAREHOUSE_LOCATION`) VALUES ('一号仓库', 3200, '1楼');
INSERT INTO `SUPERMARKETDB`.`WAREHOUSE` (`WAREHOUSE_ID`, `WAREHOUSE_SIZE`, `WAREHOUSE_LOCATION`) VALUES ('二号仓库', 20000, '3楼');
INSERT INTO `SUPERMARKETDB`.`WAREHOUSE` (`WAREHOUSE_ID`, `WAREHOUSE_SIZE`, `WAREHOUSE_LOCATION`) VALUES ('冷冻仓库', 3000, '3楼');

-- GOODS
INSERT INTO `SUPERMARKETDB`.`GOODS` (`GOODS_ID`, `GOODS_BATCH`, `WAREHOUSE_ID`, `GOODS_NAME`, `NUM`) VALUES ('6923450656150', 'SBA', '一号仓库', '益达', 300);
INSERT INTO `SUPERMARKETDB`.`GOODS` (`GOODS_ID`, `GOODS_BATCH`, `WAREHOUSE_ID`, `GOODS_NAME`, `NUM`) VALUES ('6914782203648', 'C', '一号仓库', '徐福记沙琪玛', 500);
INSERT INTO `SUPERMARKETDB`.`GOODS` (`GOODS_ID`, `GOODS_BATCH`, `WAREHOUSE_ID`, `GOODS_NAME`, `NUM`) VALUES ('6901668062086', 'S1S', '一号仓库', '趣多多', 400);
INSERT INTO `SUPERMARKETDB`.`GOODS` (`GOODS_ID`, `GOODS_BATCH`, `WAREHOUSE_ID`, `GOODS_NAME`, `NUM`) VALUES ('6901294177024', 'HRBPH', '二号仓库', '六神花露水', 600);
INSERT INTO `SUPERMARKETDB`.`GOODS` (`GOODS_ID`, `GOODS_BATCH`, `WAREHOUSE_ID`, `GOODS_NAME`, `NUM`) VALUES ('6917246004355', '2016', '二号仓库', '曼秀雷敦控油抗痘洁面乳', 320);
INSERT INTO `SUPERMARKETDB`.`GOODS` (`GOODS_ID`, `GOODS_BATCH`, `WAREHOUSE_ID`, `GOODS_NAME`, `NUM`) VALUES ('6921975006320', 'S10290', '一号仓库', '雪花啤酒', 800);
INSERT INTO `SUPERMARKETDB`.`GOODS` (`GOODS_ID`, `GOODS_BATCH`, `WAREHOUSE_ID`, `GOODS_NAME`, `NUM`) VALUES ('6921975006320', 'S10360', '二号仓库', '雪花啤酒', 800);
INSERT INTO `SUPERMARKETDB`.`GOODS` (`GOODS_ID`, `GOODS_BATCH`, `WAREHOUSE_ID`, `GOODS_NAME`, `NUM`) VALUES ('6934647200087', '0009', '二号仓库', '垃圾袋50', 300);

-- WAREHOUSE_RECORD
INSERT INTO `SUPERMARKETDB`.`WAREHOUSE_RECORD` (`ID`, `WAREHOUSE_ID`, `GOODS_ID`, `GOODS_BATCH`, `USER_ID`, `DATETIME`, `TYPE`, `NUM`) VALUES (NULL, '二号仓库', '6914782203648', 'C', '0002', '2013-06-12 18:14:19', '入库', 400);
INSERT INTO `SUPERMARKETDB`.`WAREHOUSE_RECORD` (`ID`, `WAREHOUSE_ID`, `GOODS_ID`, `GOODS_BATCH`, `USER_ID`, `DATETIME`, `TYPE`, `NUM`) VALUES (NULL, '一号仓库', '6901668062086', 'S1S', '0002', '2013-06-12 18:48:25', '入库', 550);
INSERT INTO `SUPERMARKETDB`.`WAREHOUSE_RECORD` (`ID`, `WAREHOUSE_ID`, `GOODS_ID`, `GOODS_BATCH`, `USER_ID`, `DATETIME`, `TYPE`, `NUM`) VALUES (NULL, '一号仓库', '6921975006320', 'S10290', '0001', '2013-06-13 16:05:01', '入库', 350);
INSERT INTO `SUPERMARKETDB`.`WAREHOUSE_RECORD` (`ID`, `WAREHOUSE_ID`, `GOODS_ID`, `GOODS_BATCH`, `USER_ID`, `DATETIME`, `TYPE`, `NUM`) VALUES (NULL, '一号仓库', '6921975006320', 'S10360', '0002', '2013-06-14 08:45:08	', '入库', 400);
INSERT INTO `SUPERMARKETDB`.`WAREHOUSE_RECORD` (`ID`, `WAREHOUSE_ID`, `GOODS_ID`, `GOODS_BATCH`, `USER_ID`, `DATETIME`, `TYPE`, `NUM`) VALUES (NULL, '一号仓库', '6923450656150', 'SBA', '0001', '2013-06-14 15:25:48', '入库', 300);
INSERT INTO `SUPERMARKETDB`.`WAREHOUSE_RECORD` (`ID`, `WAREHOUSE_ID`, `GOODS_ID`, `GOODS_BATCH`, `USER_ID`, `DATETIME`, `TYPE`, `NUM`) VALUES (NULL, '二号仓库', '6923450656150', 'SBA', '0002', '2013-06-14 19:26:45', '入库', 500);
INSERT INTO `SUPERMARKETDB`.`WAREHOUSE_RECORD` (`ID`, `WAREHOUSE_ID`, `GOODS_ID`, `GOODS_BATCH`, `USER_ID`, `DATETIME`, `TYPE`, `NUM`) VALUES (NULL, '二号仓库', '6914782203648', 'C', '0002', '2013-06-14 19:45:15', '出库', 175);
INSERT INTO `SUPERMARKETDB`.`WAREHOUSE_RECORD` (`ID`, `WAREHOUSE_ID`, `GOODS_ID`, `GOODS_BATCH`, `USER_ID`, `DATETIME`, `TYPE`, `NUM`) VALUES (NULL, '一号仓库', '6921975006320', 'S10360', '0001', '2013-06-15 9:45:15', '入库', 400);
INSERT INTO `SUPERMARKETDB`.`WAREHOUSE_RECORD` (`ID`, `WAREHOUSE_ID`, `GOODS_ID`, `GOODS_BATCH`, `USER_ID`, `DATETIME`, `TYPE`, `NUM`) VALUES (NULL, '一号仓库', '6901668062086', 'S1S', '0003', '2013-06-17 13:45:15', '报损', 50);
